date,sales,price,promotion,holiday
2025-10-28,146.33,10.23,1,0
2024-02-03,111.2,10.18,1,0
2024-09-16,108.79,9.34,0,0
2024-07-15,105.45,10.0,0,0
2025-01-17,107.02,9.16,0,0
2024-06-04,114.54,10.79,0,0
2024-02-09,99.78,10.64,0,0
2025-04-24,132.84,10.35,1,0
2025-08-07,123.4,10.24,0,0
2025-01-30,126.07,10.5,1,0
2024-08-27,116.68,9.79,0,0
2024-11-29,107.76,10.14,0,0
2025-11-16,116.49,9.44,0,0
2025-11-30,121.21,10.49,0,0
2024-03-07,105.2,10.46,0,0
2024-03-19,100.12,9.79,0,0
2024-03-13,110.63,10.16,0,0
2024-08-01,117.41,10.24,0,0
2025-06-27,120.06,10.29,0,0
2025-06-02,,10.71,0,0
2024-07-27,102.97,9.62,0,0
2024-08-22,108.48,9.35,0,0
2024-08-15,123.36,10.11,1,0
2024-03-06,124.35,10.62,1,0
2024-02-24,107.32,9.39,1,0
2025-06-29,116.42,10.45,0,0
2024-03-22,99.82,9.36,0,0
2024-11-10,101.82,10.26,0,0
2024-09-11,117.04,10.07,0,0
2025-12-20,117.24,9.7,0,0
2024-06-07,104.07,10.46,0,0
2024-12-28,106.28,10.4,0,0
2024-08-19,104.03,9.37,0,0
2024-05-28,113.54,9.97,0,0
2025-04-13,107.76,9.88,0,0
2025-03-27,122.01,10.18,0,0
2024-09-23,106.13,9.62,0,0
2025-09-21,130.05,9.45,1,0
2024-11-24,103.22,9.57,0,0
2024-01-11,106.8,10.63,0,0
2024-04-19,100.94,9.28,0,0
2024-12-15,102.56,9.86,0,0
2025-06-09,121.16,9.92,0,0
2025-08-22,130.12,9.57,1,0
2025-10-31,127.08,10.06,0,0
2025-07-25,115.0,10.1,0,0
2024-10-17,110.82,9.48,0,0
2025-07-05,111.13,10.51,0,0
2025-05-30,117.54,10.54,0,0
2024-11-02,110.99,10.46,0,0
2025-07-12,116.62,9.45,0,0
2025-03-02,112.38,10.67,0,0
2025-01-31,125.72,10.66,1,0
2024-07-31,128.59,10.23,1,0
2025-03-23,110.89,9.62,0,0
2024-09-01,98.28,10.79,0,0
2024-09-05,105.06,11.07,0,0
2024-07-30,125.34,9.88,1,0
2025-03-22,101.72,9.78,0,0
2025-07-30,128.85,10.76,0,0
2025-08-20,127.34,9.82,0,0
2024-07-23,112.5,9.11,0,0
2024-04-07,98.28,10.37,0,0
2025-01-06,115.12,10.65,0,0
2025-02-13,127.3,9.36,1,0
2024-07-18,106.83,9.56,0,0
2025-04-30,130.27,10.45,0,0
2025-08-11,116.35,9.72,0,0
2024-03-04,96.58,10.43,0,0
2025-09-18,124.02,9.52,0,0
2024-03-18,101.32,9.8,0,0
2024-02-19,96.83,9.6,0,0
2024-12-06,121.83,10.06,1,0
2024-04-28,98.42,10.06,0,0
2024-11-25,116.11,9.79,0,0
2024-04-11,104.26,10.64,0,0
2025-08-26,150.83,10.21,1,0
2024-10-19,101.64,9.72,0,0
2024-01-24,99.32,9.43,0,0
2024-09-21,97.25,9.56,0,0
2025-12-29,130.21,10.34,0,0
2024-03-27,111.33,9.51,0,0
2024-11-23,104.33,9.66,0,0
2025-04-28,135.16,10.43,1,0
2025-12-15,125.42,9.44,0,0
2025-11-23,126.52,10.4,0,0
2025-10-29,145.66,10.63,1,0
2025-01-12,113.87,9.42,0,0
2024-12-10,124.56,10.41,1,0
2024-06-14,105.31,9.84,0,0
2024-01-31,106.91,10.39,0,0
2025-08-30,124.2,10.63,1,0
2025-11-11,127.21,9.67,0,0
2025-03-04,141.91,10.3,1,0
2025-12-30,132.69,10.32,0,0
2025-06-13,113.99,9.87,0,0
2025-08-05,129.14,10.27,0,0
2025-03-29,107.4,10.7,0,0
2025-09-23,126.32,10.57,0,0
2025-02-12,123.44,9.32,0,0
2025-01-23,120.06,9.83,0,0
2024-08-08,112.18,10.44,0,0
2024-08-23,106.34,9.41,0,0
2024-03-25,122.64,9.26,1,0
2024-03-20,110.51,9.54,0,0
2024-08-11,105.54,10.03,0,0
2025-04-12,109.81,10.12,0,0
2024-09-04,122.3,10.88,0,0
2025-12-11,124.87,9.52,0,0
2024-02-01,106.6,10.04,0,0
2025-01-11,109.02,9.85,0,0
2024-10-08,118.36,10.09,0,0
2025-05-16,112.65,9.64,0,0
2025-09-20,109.12,9.59,0,0
2025-03-24,112.43,9.98,0,0
2024-09-17,111.61,9.48,0,0
2024-02-25,97.17,9.41,0,0
2024-06-23,100.96,9.25,0,0
2024-07-17,112.22,9.68,0,0
2024-12-22,120.9,9.63,1,0
2024-04-30,110.85,9.82,0,0
2025-06-22,112.83,9.35,0,0
2024-12-29,123.35,10.13,1,0
2024-03-17,100.89,9.81,0,0
2024-01-03,110.46,10.36,1,1
2024-11-07,112.38,10.49,0,0
2024-05-13,117.48,10.18,1,0
2024-10-13,99.79,9.93,0,0
2025-05-27,123.16,10.24,0,0
2024-03-01,115.08,9.7,1,0
2025-08-03,136.83,10.04,1,0
2025-11-15,113.57,9.4,0,0
2024-11-28,108.79,10.1,0,0
2025-04-15,116.79,9.59,0,0
2025-09-27,133.51,10.42,1,0
2025-03-09,112.66,9.89,0,0
2024-03-31,110.18,10.12,1,0
2025-05-02,111.75,10.62,0,0
2024-10-18,123.8,9.5,1,0
2024-03-10,92.96,10.49,0,0
2025-11-22,116.98,10.07,0,0
2024-05-11,100.05,10.16,0,0
2024-02-14,121.53,10.14,1,0
2024-03-11,101.5,10.25,0,0
2025-12-06,120.71,9.82,0,0
2024-09-22,101.62,9.71,0,0
2025-10-18,120.01,9.43,0,0
2024-05-15,107.78,9.82,0,0
2024-06-30,98.49,10.15,0,0
2025-05-10,104.08,10.17,0,0
2024-12-04,120.0,10.75,0,0
2024-06-13,120.19,10.27,1,0
2025-11-24,128.87,9.92,0,0
2024-05-16,100.07,9.94,0,0
2025-11-27,128.69,10.11,0,0
2024-01-07,103.11,10.55,0,0
2024-12-12,128.45,9.78,1,0
2025-02-09,106.91,9.95,0,0
2024-12-23,111.2,9.73,0,0
2024-07-11,103.93,10.25,0,0
2024-05-25,98.58,9.45,0,0
2024-11-15,116.57,9.38,0,0
2024-12-01,112.68,10.26,0,0
2024-05-12,101.11,10.44,0,0
2025-07-21,117.57,9.56,0,0
2025-01-02,111.26,10.4,0,1
2024-02-11,96.57,10.51,0,0
2024-04-18,121.34,9.83,1,0
2025-03-12,119.12,9.79,0,0
2024-02-26,94.67,9.54,0,0
2025-12-24,131.1,10.05,0,0
2024-07-29,113.52,10.16,0,0
2024-12-16,124.26,9.59,1,0
2025-06-26,123.13,10.27,0,0
2024-01-25,102.15,9.4,0,0
2025-10-02,129.11,10.21,0,0
2025-06-28,114.02,10.36,0,0
2025-12-28,122.36,10.69,0,0
2024-11-19,119.39,9.59,0,0
2024-10-21,110.94,9.43,0,0
2024-04-20,93.91,9.6,0,0
2024-03-23,97.69,9.39,0,0
2024-02-21,118.44,9.59,1,0
2025-06-15,110.83,9.31,0,0
2025-08-10,118.27,9.63,0,0
2025-05-22,115.71,9.75,0,0
2024-10-23,113.87,9.64,0,0
2024-10-29,113.83,10.38,0,0
2024-05-19,93.62,10.12,0,0
2024-10-02,117.8,10.55,0,0
2025-07-06,115.83,10.38,0,0
2024-01-19,91.36,9.83,0,0
2025-06-17,121.19,9.53,0,0
2025-10-14,122.66,9.75,0,0
2025-08-19,127.61,9.5,0,0
2025-11-13,136.73,9.68,1,0
2024-03-24,92.66,9.38,0,0
2024-03-02,97.67,10.05,0,0
2025-08-31,117.51,10.24,0,0
2025-11-03,136.86,10.19,1,0
2024-01-30,110.79,9.96,0,0
2025-07-22,125.81,9.88,0,0
2024-08-03,99.0,10.66,0,0
2025-01-29,117.19,10.54,0,0
2025-01-10,109.6,10.42,0,0
2024-07-01,121.94,10.15,1,0
2025-10-07,130.56,9.97,0,0
2024-09-07,100.41,10.41,0,0
2025-02-21,111.16,9.92,0,0
2024-12-21,112.11,9.57,1,0
2025-01-25,121.56,9.58,1,0
2024-08-06,115.81,10.52,0,0
2025-05-31,112.85,10.64,0,0
2024-07-28,102.24,9.83,0,0
2025-02-26,135.08,10.12,1,0
2025-02-15,105.21,9.06,0,0
2024-06-25,101.63,9.88,0,0
2024-10-27,100.84,10.31,0,0
2024-12-08,108.24,10.34,0,0
2025-06-19,118.73,9.64,0,0
2025-08-27,131.01,10.29,0,0
2024-05-17,102.99,9.93,0,0
2025-03-16,111.73,9.49,0,0
2025-11-25,129.76,10.26,0,0
2025-10-10,113.04,9.71,0,0
2024-06-12,114.34,10.08,0,0
2024-11-20,117.94,9.8,0,0
2025-10-05,119.99,10.25,0,0
2025-05-08,113.95,10.31,0,0
2025-01-28,129.24,10.41,1,0
2024-12-18,117.16,9.35,0,0
2024-12-02,117.43,10.4,0,0
2025-08-28,126.85,10.57,0,0
2024-04-14,109.4,9.95,1,0
2024-04-24,106.3,9.49,0,0
2025-10-20,118.63,9.99,0,0
2025-03-15,108.44,9.67,0,0
2025-10-19,113.19,9.71,0,0
2025-10-13,116.21,9.45,0,0
2024-04-02,110.55,10.15,0,0
2024-01-08,116.55,10.49,1,0
2024-03-30,100.0,9.97,0,0
2025-08-12,137.97,9.88,1,0
2024-12-27,117.62,10.18,1,0
2025-03-06,122.86,10.29,0,0
2025-11-10,125.89,9.56,0,0
2025-09-25,142.76,9.97,1,0
2025-07-03,129.8,10.64,0,0
2025-02-27,130.86,10.06,1,0
2025-02-16,112.23,9.33,0,0
2024-01-12,95.6,10.55,0,0
2024-05-20,98.82,9.6,0,0
2024-01-29,98.67,9.85,0,0
2024-02-13,104.2,10.27,0,0
2024-02-12,101.32,10.2,0,0
2024-03-14,,10.31,0,0
2024-06-16,93.93,9.85,0,0
2025-10-03,135.79,10.53,1,0
2025-10-01,131.64,10.62,0,0
2024-06-27,109.83,9.75,0,0
2025-04-01,121.98,10.72,0,0
2025-04-18,115.01,9.49,0,0
2024-06-26,130.62,9.71,1,0
2025-05-14,130.64,9.32,0,0
2025-06-11,125.09,9.8,0,0
2024-09-14,102.66,9.71,0,0
2025-06-03,125.88,10.82,0,0
2024-01-16,107.05,9.85,0,0
2025-03-07,117.06,10.49,0,0
2024-09-13,103.74,9.96,0,0
2025-12-14,119.7,9.45,0,0
2024-11-22,104.77,9.31,0,0
2025-03-10,108.52,10.28,0,0
2025-12-21,117.28,9.98,0,0
2025-07-01,127.12,10.37,0,0
2025-11-04,145.34,9.99,1,0
2025-04-07,120.54,10.04,0,0
2024-01-10,110.75,10.37,0,0
2024-09-06,109.17,10.31,0,0
2024-01-23,103.19,9.67,0,0
2024-08-09,100.91,10.45,0,0
2025-05-01,122.41,10.38,0,0
2025-12-18,121.26,9.8,0,0
2025-01-16,113.51,9.71,0,0
2025-09-07,130.92,9.77,1,0
2024-07-22,117.56,9.57,1,0
2025-03-26,121.05,9.98,0,0
2024-04-03,110.85,10.31,0,0
2024-11-30,108.16,10.41,0,0
2024-10-26,105.61,9.94,0,0
2025-03-01,104.42,10.41,0,0
2024-10-11,120.91,9.91,1,0
2024-07-03,114.91,10.49,0,0
2025-08-14,123.82,9.52,0,0
2024-11-27,118.36,10.23,0,0
2024-06-02,97.14,10.24,0,0
2024-03-16,98.29,10.12,0,0
2025-05-05,127.63,10.67,1,0
2024-10-04,107.96,10.35,0,0
2024-03-09,95.37,10.7,0,0
2025-03-05,118.15,10.59,0,0
2024-07-07,104.3,10.3,0,0
2024-09-28,98.48,10.17,0,0
2024-08-24,100.88,9.2,0,0
2024-03-29,110.04,9.86,1,0
2025-09-13,123.04,9.48,1,0
2024-04-27,96.73,9.68,0,0
2024-05-05,96.2,10.54,0,0
2025-08-24,112.87,10.01,0,0
2024-10-16,116.12,9.57,0,0
2024-08-26,108.36,9.59,0,0
2024-01-01,88.69,10.05,0,1
2025-12-25,131.64,10.24,0,0
2025-01-04,106.01,10.68,0,0
2025-09-30,126.98,10.65,0,0
2025-10-26,120.59,10.39,0,0
2024-10-05,103.53,10.76,0,0
2025-07-24,124.6,9.74,0,0
2024-04-26,96.02,9.63,0,0
2024-08-16,102.69,9.52,0,0
2024-12-17,116.55,9.63,0,0
2025-04-22,119.35,9.47,0,0
2024-10-01,118.01,10.69,0,0
2024-11-14,109.35,9.85,0,0
2025-05-12,114.34,9.72,0,0
2024-05-24,102.4,9.33,0,0
2025-03-08,108.07,10.3,0,0
2025-02-28,124.83,10.25,1,0
2025-10-24,124.53,10.06,0,0
2025-06-18,123.23,9.2,0,0
2024-09-25,117.27,9.79,0,0
2025-06-01,128.79,10.42,1,0
2024-11-03,112.36,10.78,0,0
2024-11-06,114.35,10.69,0,0
2024-02-16,98.25,10.04,0,0
2024-09-18,,9.43,0,0
2024-07-14,102.48,9.84,0,0
2025-10-05,118.13,10.25,0,0
2025-09-05,119.77,10.3,0,0
2024-04-17,112.56,9.72,0,0
2024-02-29,104.1,10.06,0,0
2025-07-02,139.34,10.67,1,0
2025-01-03,102.77,10.58,0,1
2024-04-10,107.5,10.41,0,0
2025-02-03,118.33,10.4,0,0
2025-10-17,116.53,9.58,0,0
2025-06-16,117.51,9.37,0,0
2025-01-15,120.78,9.54,0,0
2024-06-28,119.8,9.94,1,0
2024-10-31,118.3,10.4,0,0
2024-12-26,109.94,9.97,0,0
2025-02-02,108.42,10.64,0,0
2025-12-05,121.5,10.3,0,0
2024-05-29,108.31,9.91,0,0
2024-05-04,93.52,10.56,0,0
2025-08-02,113.23,10.59,0,0
2025-09-28,118.32,10.49,0,0
2024-07-04,112.58,10.75,0,0
2025-04-26,107.61,10.37,0,0
2025-03-21,124.92,9.26,1,0
2025-12-26,136.39,10.74,1,0
2025-12-23,133.0,9.81,0,0
2025-09-01,119.07,10.62,0,0
2024-11-17,104.57,9.44,0,0
2024-12-19,111.59,9.6,0,0
2025-11-06,126.86,10.06,0,0
2024-05-22,125.88,9.07,1,0
2024-05-21,105.63,9.3,0,0
2025-03-19,112.74,9.69,0,0
2024-11-16,100.7,9.66,0,0
2024-01-20,87.33,9.58,0,0
2024-06-21,104.07,9.37,0,0
2025-08-18,130.83,9.45,1,0
2024-11-08,105.11,10.64,0,0
2025-11-28,126.9,10.37,0,0
2024-01-13,91.96,10.34,0,0
2024-11-01,112.13,10.29,0,0
2024-12-20,106.86,9.67,0,0
2024-01-26,96.26,9.46,0,0
2025-09-08,123.33,10.01,0,0
2024-06-18,107.89,9.58,0,0
2024-02-08,107.93,10.4,0,0
2025-12-12,116.64,9.6,0,0
2024-09-02,112.67,10.24,0,0
2024-10-25,107.12,9.46,0,0
2025-08-17,110.95,9.25,0,0
2024-09-29,102.86,10.21,0,0
2025-07-13,115.67,9.43,0,0
2024-06-03,105.77,10.4,0,0
2024-05-06,104.53,10.79,0,0
2025-06-05,122.57,10.25,0,0
2024-12-07,106.02,10.46,0,0
2024-10-14,108.73,9.79,0,0
2024-04-23,105.86,9.19,0,0
2025-02-20,114.53,9.79,0,0
2024-06-22,102.39,9.23,0,0
2024-12-25,122.08,9.86,0,0
2025-02-08,122.53,10.21,1,0
2024-02-27,104.72,9.95,0,0
2025-09-26,123.82,10.35,0,0
2024-08-10,102.16,10.36,0,0
2024-10-07,124.48,10.56,1,0
2024-01-18,113.9,9.6,1,0
2025-04-02,125.87,10.39,0,0
2024-11-18,104.43,9.66,0,0
2024-09-12,130.83,10.14,1,0
2025-04-14,125.79,9.42,1,0
2025-12-03,130.97,10.14,0,0
2024-07-09,107.32,10.79,0,0
2025-05-09,127.8,10.06,1,0
2025-10-09,138.45,9.46,1,0
2025-02-24,117.22,10.02,0,0
2024-04-04,113.5,10.11,0,0
2024-06-29,94.41,10.24,0,0
2024-10-28,110.69,9.84,0,0
2025-04-25,108.36,10.04,0,0
2025-06-23,115.28,9.74,0,0
2025-05-26,116.64,10.06,0,0
2025-12-02,133.73,10.36,0,0
2025-11-18,129.44,9.95,0,0
2025-04-27,109.4,10.24,0,0
2024-01-06,109.89,10.24,1,0
2025-12-19,119.57,9.71,0,0
2024-02-15,115.06,10.04,1,0
2025-03-25,117.19,9.95,0,0
2025-08-29,117.49,10.66,0,0
2024-06-20,107.06,9.56,0,0
2024-01-17,102.77,9.95,0,0
2024-02-18,96.61,9.8,0,0
2025-12-09,131.53,9.64,0,0
2025-11-01,118.92,10.62,0,0
2024-01-04,115.94,10.49,1,0
2025-11-21,120.49,10.06,0,0
2025-04-09,142.2,9.91,1,0
2024-11-12,112.46,9.9,0,0
2025-11-05,129.78,10.26,0,0
2024-10-10,108.82,10.31,0,0
2024-04-06,94.24,10.28,0,0
2024-10-12,106.4,9.92,0,0
2025-04-10,110.66,9.92,0,0
2024-08-13,108.26,10.04,0,0
2024-01-27,98.54,9.69,0,0
2025-07-29,124.23,10.21,0,0
2024-09-20,104.74,9.35,0,0
2025-03-13,119.39,9.58,0,0
2024-02-20,117.74,9.58,1,0
2024-12-30,114.65,10.39,0,0
2024-08-17,99.4,9.54,0,0
2024-02-07,120.6,10.4,1,0
2024-06-06,123.75,10.72,1,0
2024-08-25,116.74,9.65,1,0
2025-12-04,125.17,10.21,0,0
2025-01-09,113.24,10.21,0,0
2025-01-05,102.61,10.48,0,0
2025-03-18,115.45,9.52,0,0
2024-06-24,107.86,9.55,0,0
2025-09-14,108.38,9.5,0,0
2024-05-07,129.98,10.33,1,0
2025-06-25,128.64,9.97,0,0
2024-07-13,97.04,9.92,0,0
2025-09-16,125.36,9.56,0,0
2025-09-24,140.61,10.15,1,0
2025-04-23,139.45,9.78,1,0
2025-05-15,131.76,9.77,1,0
2025-05-18,110.1,9.18,0,0
2025-12-08,121.02,9.88,0,0
2025-09-02,139.07,10.29,1,0
2025-09-22,121.53,10.29,0,0
2024-03-08,105.43,10.46,0,0
2025-08-25,123.86,10.45,0,0
2024-06-17,106.02,9.65,0,0
2025-03-20,130.53,9.42,1,0
2025-11-02,119.11,10.46,0,0
2024-06-11,109.72,10.71,0,0
2024-11-05,116.24,10.83,0,0
2024-07-12,118.78,10.49,1,0
2025-06-07,117.47,10.19,0,0
2024-12-31,116.73,10.74,0,0
2025-01-18,107.49,9.23,0,0
2025-10-22,132.92,9.7,0,0
2025-06-14,111.16,9.46,0,0
2024-06-01,104.79,9.92,0,0
2025-08-06,127.89,10.03,0,0
2025-06-06,115.1,10.56,0,0
2024-04-21,110.96,9.52,1,0
2024-08-14,114.63,10.34,0,0
2025-05-28,125.16,10.31,0,0
2025-08-08,117.49,10.36,0,0
2024-04-13,95.58,10.36,0,0
2025-02-25,133.78,9.96,1,0
2025-02-23,108.08,10.13,0,0
2025-07-26,113.99,10.27,0,0
2025-08-09,113.22,9.67,0,0
2024-03-15,98.48,10.14,0,0
2024-04-25,104.26,9.43,0,0
2025-02-11,121.26,9.93,0,0
2025-12-07,120.86,9.72,0,0
2024-04-29,99.31,9.84,0,0
2024-02-23,98.46,9.4,0,0
2024-05-31,107.12,9.93,0,0
2025-02-07,128.2,10.15,1,0
2025-11-20,131.03,9.81,0,0
2024-07-26,113.25,9.46,1,0
2025-05-29,133.23,10.55,1,0
2025-06-10,116.28,10.15,0,0
2025-09-09,126.02,9.82,0,0
2025-12-17,140.75,9.31,0,0
2024-01-09,126.82,10.54,1,0
2025-09-03,134.39,10.45,0,0
2025-05-21,137.38,10.03,1,0
2025-08-16,111.73,9.16,0,0
2024-02-06,125.11,10.5,1,0
2025-03-28,113.18,10.57,0,0
2024-09-10,109.11,10.05,0,0
2024-10-30,117.09,10.26,0,0
2025-07-08,135.1,10.1,1,0
2025-06-12,124.96,9.72,0,0
2025-06-20,129.64,9.49,1,0
2024-09-19,112.19,9.49,0,0
2024-10-24,113.78,9.61,0,0
2025-02-18,119.52,9.43,0,0
2024-05-30,108.29,9.97,0,0
2025-08-04,121.37,10.2,0,0
2025-10-12,114.58,9.86,0,0
2025-05-03,110.83,10.39,0,0
2024-05-27,119.01,9.65,1,0
2024-05-26,100.0,,0,0
2025-06-21,121.43,9.88,1,0
2025-11-09,118.11,9.75,0,0
2025-07-04,115.91,10.55,0,0
2024-12-14,104.37,9.39,0,0
2025-04-08,115.86,9.85,0,0
2024-11-21,113.04,9.66,0,0
2024-07-05,99.6,10.56,0,0
2024-05-03,100.76,10.57,0,0
2025-09-15,120.0,9.34,0,0
2024-05-23,103.87,9.5,0,0
2025-11-29,119.19,10.38,0,0
2024-07-16,115.61,9.71,0,0
2024-10-06,119.74,10.57,1,0
2024-10-20,115.93,8.99,1,0
2025-02-04,133.21,10.44,1,0
2024-05-02,108.79,10.26,0,0
2024-07-02,111.63,10.52,0,0
2024-07-21,115.42,9.47,1,0
2025-03-14,107.32,9.56,0,0
2024-09-03,115.49,10.33,0,0
2025-02-19,120.14,9.56,0,0
2025-10-11,119.68,9.52,0,0
2024-05-09,111.21,10.36,0,0
2025-02-06,116.32,,0,0
2025-08-13,130.09,9.3,0,0
2025-07-23,141.61,9.92,1,0
2024-08-07,114.76,10.4,0,0
2025-10-27,125.81,10.17,0,0
2025-07-11,127.55,9.59,1,0
2025-10-30,129.32,10.45,0,0
2025-11-08,114.15,9.85,0,0
2025-01-21,117.9,9.67,0,0
2025-12-10,141.45,9.71,1,0
2025-05-24,108.38,9.97,0,0
2024-09-24,111.85,9.74,0,0
2025-03-17,111.11,9.54,0,0
2025-05-11,111.26,9.56,0,0
2024-04-22,100.42,9.35,0,0
2024-08-20,109.95,9.51,0,0
2025-09-29,123.78,10.35,0,0
2025-01-08,121.6,10.38,0,0
2024-08-21,115.67,9.67,0,0
2025-08-01,119.77,10.5,0,0
2024-11-13,120.51,9.65,0,0
2025-02-14,113.41,9.26,0,0
2025-10-16,136.84,9.58,1,0
2024-12-24,118.36,9.62,0,0
2024-09-15,119.78,9.65,1,0
2024-10-09,116.05,10.49,0,0
2025-01-11,108.79,9.85,0,0
2025-01-19,109.82,9.19,0,0
2024-08-12,121.41,10.13,1,0
2025-11-26,145.38,10.34,1,0
2025-08-21,123.32,9.82,0,0
2025-04-17,112.41,9.4,0,0
2024-12-13,107.33,9.88,0,0
2025-05-20,119.19,9.43,0,0
2025-12-22,135.14,10.32,1,0
2025-11-07,124.32,10.31,0,0
2025-10-21,129.17,9.83,0,0
2025-09-17,137.94,9.43,1,0
2025-09-10,129.71,9.57,0,0
2025-07-10,122.67,9.75,0,0
2025-07-31,115.77,10.77,0,0
2024-03-26,103.57,9.61,0,0
2024-08-30,117.88,9.91,1,0
2024-06-08,100.49,10.31,0,0
2025-06-08,107.68,10.37,0,0
2024-02-05,99.05,10.68,0,0
2025-06-24,127.37,9.7,0,0
2024-06-19,113.74,9.41,0,0
2025-09-19,116.6,9.92,0,0
2025-09-11,121.28,9.85,0,0
2025-11-19,131.67,9.69,0,0
2024-04-05,102.61,10.22,0,0
2025-07-17,121.85,9.32,0,0
2024-08-28,128.57,9.84,1,0
2025-07-28,117.15,10.44,0,0
2025-04-05,122.07,10.53,1,0
2025-07-07,132.6,10.59,1,0
2025-10-04,114.82,10.69,0,0
2024-07-25,111.06,9.44,0,0
2025-01-27,131.56,10.14,1,0
2025-02-01,119.16,10.59,1,0
2025-09-12,116.64,9.44,0,0
2024-08-05,107.85,10.79,0,0
2024-01-05,104.87,10.06,0,0
2025-10-15,131.5,9.25,0,0
2025-09-04,127.81,10.07,0,0
2025-06-30,121.42,10.56,0,0
2024-04-08,106.34,10.62,0,0
2025-07-27,116.34,10.16,0,0
2025-02-10,113.48,9.86,0,0
2025-05-17,104.5,9.32,0,0
2024-02-17,104.44,9.82,1,0
2024-02-02,99.67,10.13,0,0
2024-07-19,100.61,9.58,0,0
2024-05-14,111.75,9.85,0,0
2024-01-28,89.71,9.74,0,0
2025-10-06,123.54,10.05,0,0
2024-08-18,98.18,9.26,0,0
2025-05-04,110.14,10.64,0,0
2025-01-13,121.87,9.97,1,0
2024-10-15,112.41,9.62,0,0
2025-02-22,106.08,9.76,0,0
2025-01-26,108.54,10.12,0,0
2025-08-15,119.77,9.78,0,0
2025-05-13,121.44,9.32,0,0
2024-05-18,91.89,10.04,0,0
2024-03-03,99.9,10.25,0,0
2025-04-16,125.21,9.4,0,0
2024-05-08,121.04,10.43,1,0
2025-12-13,135.43,9.27,1,0
2025-06-04,126.84,10.3,0,0
2024-03-05,103.16,10.54,0,0
2024-01-15,117.3,10.2,1,0
2024-06-05,129.28,10.55,1,0
2024-02-10,93.4,10.61,0,0
2025-05-07,135.67,10.27,1,0
2025-01-14,117.29,9.51,0,0
2024-07-06,105.66,10.33,0,0
2024-08-04,103.79,10.62,0,0
2024-02-22,108.72,9.19,0,0
2024-12-03,113.85,10.6,0,0
2024-10-22,111.81,9.56,0,0
2024-09-08,102.73,10.47,0,0
2025-04-06,114.36,10.26,0,0
2025-03-31,113.74,10.51,0,0
2024-04-29,101.43,9.84,0,0
2024-09-26,108.08,9.89,0,0
2024-07-20,100.89,9.73,0,0
2024-06-10,106.92,10.28,0,0
2025-07-09,129.95,9.94,0,0
2025-02-05,122.6,10.44,0,0
2025-04-21,112.5,9.78,0,0
2024-04-15,102.01,9.96,0,0
2025-07-19,111.16,9.66,0,0
2025-01-24,109.05,9.63,0,0
2024-01-02,112.51,9.93,1,1
2025-11-14,134.71,9.36,1,0
2025-07-15,128.46,9.54,0,0
2024-03-21,119.54,9.61,1,0
2024-07-24,107.88,9.51,0,0
2024-02-04,112.65,10.52,1,0
2025-05-23,113.8,9.68,0,0
2025-03-03,120.2,10.86,0,0
2025-03-30,113.46,10.42,0,0
2025-01-01,114.05,10.39,0,1
2024-04-01,106.16,10.1,0,0
2024-12-05,132.91,10.63,1,0
2025-07-18,118.88,9.64,0,0
2024-12-11,120.15,9.63,0,0
2024-08-29,107.21,10.1,0,0
2024-01-14,95.84,10.43,0,0
2024-11-11,110.91,9.95,0,0
2025-08-23,115.92,10.09,0,0
2025-01-22,118.03,9.77,0,0
2024-09-30,114.06,10.7,0,0
2024-06-15,120.37,10.05,1,0
2025-12-27,121.34,10.57,0,0
2025-10-08,131.03,10.0,0,0
2025-04-29,119.69,10.4,0,0
2025-12-16,134.08,9.3,0,0
2025-05-19,119.87,8.94,0,0
2024-08-31,116.67,10.06,1,0
2025-07-20,113.16,9.56,0,0
2025-07-16,140.72,9.46,1,0
2025-11-17,122.64,9.73,0,0
2024-07-08,105.84,10.82,0,0
2025-04-20,120.47,9.46,1,0
2025-11-12,149.38,9.59,1,0
2025-05-25,114.56,9.72,0,0
2024-02-28,115.09,9.62,0,0
2025-04-19,107.31,9.59,0,0
2025-07-14,114.41,9.51,0,0
2024-09-09,108.38,10.63,0,0
2024-01-22,103.23,9.35,0,0
2024-11-09,101.18,10.3,0,0
2025-04-04,129.98,10.52,1,0
2024-06-09,117.51,10.3,1,0
2024-10-03,112.32,10.39,0,0
2024-07-10,116.48,10.38,0,0
2025-01-20,113.12,9.38,0,0
2025-02-17,115.03,9.59,0,0
2025-05-06,137.81,10.47,1,0
2024-12-09,111.35,10.3,0,0
2024-11-04,122.75,10.65,1,0
2025-10-23,128.03,10.11,0,0
2024-05-10,106.97,10.41,0,0
2025-10-25,118.35,10.26,0,0
2024-04-09,112.72,10.36,0,0
2025-01-07,136.23,10.48,1,0
2024-03-28,100.01,9.68,0,0
2025-04-03,118.99,10.61,0,0
2024-11-26,117.82,10.27,0,0
2024-08-02,109.64,10.35,0,0
2025-04-11,111.39,9.83,0,0
2024-05-01,110.56,10.15,0,0
2025-09-06,114.96,9.97,0,0
2024-01-21,94.28,9.49,0,0
2025-12-01,124.58,10.68,0,0
2024-03-12,102.2,10.2,0,0
2024-04-16,107.67,9.71,0,0
2024-09-27,110.33,9.87,0,0
2025-03-11,122.15,9.89,0,0
2024-04-12,100.17,10.26,0,0
